PLAN,EPO-PPO-VAL
PRIMEASCILEPO,EPO
PRIMEINAILEPO,EPO
PRIMEINAILVALUE,VALUE
PRIMELBHEPO,EPO
PRIMEMMCCEPO,EPO
PRIMEMMCIR,EPO
PRIMEMMDALEPO,EPO
PRIMEMMELEPO,EPO
PRIMEMMEPO3,EPO
PRIMEMMEPOCEN,EPO
PRIMEMMEPOES,EPO
PRIMEMMEPOESU,EPO
PRIMEMMEPOLE,EPO
PRIMEMMEPOLE2,EPO
PRIMEMMEPOLEUN,EPO
PRIMEMMEPOPA,EPO
PRIMEMMEPOROX,EPO
PRIMEMMEPPLUS,EPO
PRIMEMMGCHEPO,EPO
PRIMEMMHAREPO,EPO
PRIMEMMILVALUE,VALUE
PRIMEMMIUOE,EPO
PRIMEMMJNESO,EPO
PRIMEMMKNEPO,EPO
PRIMEMMKNVAL,VALUE
PRIMEMMKSEPO,EPO
PRIMEMMLBEPO,EPO
PRIMEMMLKEP1,EPO
PRIMEMMLMEPO,EPO
PRIMEMMLMRIVAL,VALUE
PRIMEMMMHEPO,EPO
PRIMEMMMREPO,EPO
PRIMEMMNVEPO,EPO
PRIMEMMPMCEPO,EPO
PRIMEMMRVEPO,EPO
PRIMEMMSBEPO,EPO
PRIMEMMSFEPO,EPO
PRIMEMMSJHEPO,EPO
PRIMEMMSMECN,EPO
PRIMEMMSMECW,EPO
PRIMEMMSMEPO,EPO
PRIMEMMSMEPPLUS,EPO
PRIMEMMSMMSMRMCEPO,EPO
PRIMEMMSMUNEPO,EPO
PRIMEMMSREPO,EPO
PRIMEMMSTCLEPO,EPO
PRIMEMMSTEPO,EPO
PRIMEMMVAL,VALUE
PRIMEMMVALUE,VALUE
PRIMEMMWAEPO,EPO
PRIMEPOPRE21,EPO
PRIMESFMCVAL,VALUE
PRIMESFSEEPO,EPO
PRIMESFUNEPO,EPO
